{
  "method": "CLIP",
  "accuracy": 1.0,
  "diagonal_mean": 0.30713099241256714,
  "diagonal_std": 0.022434765473008156,
  "diagonal_scores": [
    0.2983419895172119,
    0.27483931183815,
    0.2701113522052765,
    0.3020021319389343,
    0.26810726523399353,
    0.2875615656375885,
    0.32002753019332886,
    0.28591251373291016,
    0.3142832815647125,
    0.2838744521141052,
    0.30503058433532715,
    0.322802871465683,
    0.33081722259521484,
    0.33650457859039307,
    0.31542837619781494,
    0.31434857845306396,
    0.3130103647708893,
    0.31589391827583313,
    0.33422133326530457,
    0.3495006561279297
  ],
  "similarity_matrix": [
    [
      0.2983419895172119,
      0.1807870715856552,
      0.20459067821502686,
      0.20141395926475525,
      0.1938316971063614,
      0.11720383167266846,
      0.13488155603408813,
      0.11405409872531891,
      0.09324374794960022,
      0.14958906173706055,
      0.15060371160507202,
      0.152629092335701,
      0.12148266285657883,
      0.15139196813106537,
      0.11822827160358429,
      0.15785132348537445,
      0.2028181254863739,
      0.11503424495458603,
      0.07935549318790436,
      0.17744766175746918
    ],
    [
      0.215720534324646,
      0.27483931183815,
      0.16242307424545288,
      0.16958299279212952,
      0.17754659056663513,
      0.14243336021900177,
      0.1391865611076355,
      0.14941515028476715,
      0.145005002617836,
      0.14945775270462036,
      0.12613169848918915,
      0.14256428182125092,
      0.1196775808930397,
      0.15943096578121185,
      0.12036232650279999,
      0.13971944153308868,
      0.16184785962104797,
      0.07257287204265594,
      0.10929383337497711,
      0.16304010152816772
    ],
    [
      0.22613394260406494,
      0.1399673968553543,
      0.2701113522052765,
      0.20525866746902466,
      0.16248130798339844,
      0.09395195543766022,
      0.10841265320777893,
      0.10793042182922363,
      0.09283651411533356,
      0.11197121441364288,
      0.14110660552978516,
      0.14865349233150482,
      0.1414574682712555,
      0.11515732109546661,
      0.1263018697500229,
      0.15020543336868286,
      0.18697962164878845,
      0.11407817900180817,
      0.09761396795511246,
      0.164252370595932
    ],
    [
      0.24132317304611206,
      0.15629519522190094,
      0.19372034072875977,
      0.3020021319389343,
      0.17060786485671997,
      0.10755117237567902,
      0.09073451161384583,
      0.10881446301937103,
      0.1361827254295349,
      0.1308383196592331,
      0.17523245513439178,
      0.16711144149303436,
      0.18216824531555176,
      0.19117464125156403,
      0.16739410161972046,
      0.15372110903263092,
      0.17070384323596954,
      0.1442127525806427,
      0.08195505291223526,
      0.14934450387954712
    ],
    [
      0.20933783054351807,
      0.2323468029499054,
      0.15387356281280518,
      0.14898507297039032,
      0.26810726523399353,
      0.14175647497177124,
      0.09791463613510132,
      0.17940019071102142,
      0.07676833868026733,
      0.15278291702270508,
      0.13777104020118713,
      0.13621285557746887,
      0.11902962625026703,
      0.16396589577198029,
      0.11906442791223526,
      0.12138798832893372,
      0.1756691038608551,
      0.09842549264431,
      0.0920833945274353,
      0.14586947858333588
    ],
    [
      0.1564926952123642,
      0.1580875813961029,
      0.12728238105773926,
      0.12427311390638351,
      0.13205431401729584,
      0.2875615656375885,
      0.1974901556968689,
      0.2230241447687149,
      0.1667119562625885,
      0.18292643129825592,
      0.13172586262226105,
      0.15432804822921753,
      0.14466208219528198,
      0.15278968214988708,
      0.12144645303487778,
      0.1472899317741394,
      0.1493426114320755,
      0.11511261761188507,
      0.11866974830627441,
      0.15766122937202454
    ],
    [
      0.1493745744228363,
      0.12431634962558746,
      0.13565129041671753,
      0.12538374960422516,
      0.1418188214302063,
      0.22529488801956177,
      0.32002753019332886,
      0.20777547359466553,
      0.11899936944246292,
      0.19534528255462646,
      0.1427144557237625,
      0.1419491171836853,
      0.12988623976707458,
      0.16624455153942108,
      0.15032848715782166,
      0.18988671898841858,
      0.18948078155517578,
      0.14995241165161133,
      0.09560676664113998,
      0.20344817638397217
    ],
    [
      0.16764894127845764,
      0.1770639717578888,
      0.12289073318243027,
      0.11196552217006683,
      0.1625397503376007,
      0.24468061327934265,
      0.20089268684387207,
      0.28591251373291016,
      0.14694495499134064,
      0.19367016851902008,
      0.12523745000362396,
      0.14840319752693176,
      0.12943457067012787,
      0.15996915102005005,
      0.13094425201416016,
      0.13178744912147522,
      0.1619352102279663,
      0.13034655153751373,
      0.08580644428730011,
      0.15879006683826447
    ],
    [
      0.13377976417541504,
      0.12899845838546753,
      0.10431642830371857,
      0.12272996455430984,
      0.09897826611995697,
      0.14560768008232117,
      0.14781132340431213,
      0.1995038390159607,
      0.3142832815647125,
      0.1760556399822235,
      0.15661917626857758,
      0.14455591142177582,
      0.16850894689559937,
      0.15452304482460022,
      0.14133067429065704,
      0.1737223118543625,
      0.156927227973938,
      0.11853859573602676,
      0.14650142192840576,
      0.12570171058177948
    ],
    [
      0.14296011626720428,
      0.10887493193149567,
      0.1275285929441452,
      0.10949866473674774,
      0.1454942375421524,
      0.20058906078338623,
      0.13518254458904266,
      0.19731327891349792,
      0.09609875082969666,
      0.2838744521141052,
      0.12554341554641724,
      0.10478837043046951,
      0.10439890623092651,
      0.09976854920387268,
      0.12352967262268066,
      0.14931955933570862,
      0.18272773921489716,
      0.09296384453773499,
      0.15502522885799408,
      0.1493784636259079
    ],
    [
      0.13815106451511383,
      0.07687676697969437,
      0.10066531598567963,
      0.18112991750240326,
      0.10816824436187744,
      0.11158385127782822,
      0.10166402161121368,
      0.1238998994231224,
      0.1210680902004242,
      0.13584227859973907,
      0.30503058433532715,
      0.1640784740447998,
      0.17554892599582672,
      0.15489450097084045,
      0.15918754041194916,
      0.12945960462093353,
      0.12612636387348175,
      0.12834389507770538,
      0.10716128349304199,
      0.13989004492759705
    ],
    [
      0.15059153735637665,
      0.08868305385112762,
      0.11223889142274857,
      0.1599375307559967,
      0.10036911070346832,
      0.08934459090232849,
      0.11037483811378479,
      0.12944287061691284,
      0.1033685952425003,
      0.0871218666434288,
      0.11443699896335602,
      0.322802871465683,
      0.16322384774684906,
      0.15137076377868652,
      0.16158069670200348,
      0.14430218935012817,
      0.13209787011146545,
      0.09550410509109497,
      0.1301162838935852,
      0.13992533087730408
    ],
    [
      0.1350998878479004,
      0.0611104853451252,
      0.1047600582242012,
      0.18616919219493866,
      0.08211739361286163,
      0.06928879022598267,
      0.10270725190639496,
      0.10900574177503586,
      0.11160372197628021,
      0.12807196378707886,
      0.18401145935058594,
      0.17162320017814636,
      0.33081722259521484,
      0.12782417237758636,
      0.20405493676662445,
      0.14037415385246277,
      0.1491704136133194,
      0.1691662073135376,
      0.07384587824344635,
      0.10246641933917999
    ],
    [
      0.14082029461860657,
      0.07054238021373749,
      0.11407340317964554,
      0.1656225472688675,
      0.11234550178050995,
      0.1564079374074936,
      0.16841429471969604,
      0.15339025855064392,
