{
  "method": "Pre-CLIP",
  "accuracy": 0.0,
  "diagonal_mean": 0.00099517866378141,
  "diagonal_std": 0.04590381048698331,
  "diagonal_scores": [
    0.0009571148418885053,
    0.034478418474256825,
    0.009568718343475995,
    -0.0020987704947591744,
    0.049014400802783575,
    -0.05834939668653811,
    -0.028241421398131943,
    0.036041958553143426,
    0.0005571919869546624,
    0.03605133077104513,
    -0.0003978287607612858,
    0.07088790807830087,
    -0.049121241768179606,
    -0.0119486286209926,
    -0.02139512383647516,
    -0.018306738489319716,
    0.0747727890636408,
    -0.11024113397206416,
    0.05640295913670971,
    -0.04872893274934952
  ],
  "similarity_matrix": [
    [
      0.0009571148418885053,
      -0.08077036282387026,
      0.03020738869066348,
      -0.026386310711945162,
      0.043611610439165366,
      0.038142369236399604,
      0.042217246018826524,
      -0.01002660162916898,
      0.021871859739626694,
      -0.005328269112539094,
      -0.018676900296815985,
      -0.011393987363422065,
      -0.03714157145621902,
      0.0315913809940388,
      0.032807981765065476,
      0.019509553193493658,
      0.0009966391276049237,
      0.04390277404166377,
      0.031671700902473704,
      0.05834343167180652
    ],
    [
      -0.0014968010412965346,
      0.034478418474256825,
      0.01683029135799964,
      0.0039760505087883665,
      -0.024055552304711555,
      -0.022698792129539305,
      -0.0510981705448469,
      -0.004322037336229049,
      0.038292537682762785,
      -0.11023529729826087,
      0.004220983202555364,
      -0.04477125631621456,
      0.006990167402946599,
      -0.052211633496164624,
      -0.0738298027235526,
      -0.08967983024091616,
      -0.02464191248305078,
      -0.07912364398266956,
      -0.03033060804589164,
      -0.08183135057911914
    ],
    [
      -0.004175079593334904,
      -0.007505939155125228,
      0.009568718343475995,
      0.019149384453663626,
      -0.011195105531730353,
      -0.009038775363883682,
      0.03914589856310278,
      -0.0384112666738547,
      0.014381745437149268,
      -0.03767686958320173,
      -0.004933186191418347,
      0.006711519226340078,
      -0.0015782549270985761,
      0.043354081577249154,
      0.10872780818762715,
      0.029824416714265792,
      0.05941945913938766,
      0.030322455756520303,
      0.08851892692278351,
      0.01583635579200928
    ],
    [
      0.024657191439992652,
      -0.012513852941873219,
      0.00563640842059698,
      -0.0020987704947591744,
      -0.003621608376030698,
      0.02392366190274016,
      0.07593863822862276,
      -0.006548040071197345,
      0.03239931105170619,
      0.04881107752806384,
      -0.036650813342081846,
      -0.0363568324977306,
      -0.06921079149288809,
      0.016835223326287053,
      0.057089224575871705,
      0.01168104557429283,
      -0.001142352829119784,
      0.09299111599707101,
      0.11754828811625571,
      0.05864437444870736
    ],
    [
      0.03270852338716803,
      -0.0018110219925544097,
      0.09093665862353545,
      0.017130174647187732,
      0.049014400802783575,
      -0.0025410962638245556,
      -0.051001492119493744,
      -0.02466492745944944,
      0.01610604908695409,
      0.011074287698706206,
      0.06489285920182938,
      -0.03559494254363722,
      0.014440775084247983,
      0.023954921008779655,
      0.031895466958040165,
      -0.08033021091576595,
      0.0705362888890117,
      -0.0905945099222921,
      -0.012483475220621276,
      -0.05351020226807331
    ],
    [
      0.02006113398446687,
      0.011906686629914336,
      0.048665034393686496,
      0.011104764936025392,
      0.07225777463712907,
      -0.05834939668653811,
      0.00873199082469915,
      0.0761546557228861,
      0.02530522304887633,
      0.004742791044679119,
      -0.03306687440082941,
      -0.04953411766744673,
      -0.007592349532071873,
      0.08282531190782184,
      -0.013587076647661005,
      0.018067738056710077,
      -0.017842429408673224,
      0.022912697301964102,
      0.02099145698986035,
      -0.019603778995242724
    ],
    [
      0.006118745444139952,
      0.09317626999172833,
      0.007606561273930616,
      -0.033635238804614734,
      -0.047041940977398666,
      0.02998731875272937,
      -0.028241421398131943,
      0.07641621043938979,
      0.08570528341515171,
      -0.044520231710258436,
      0.005926530521799153,
      -0.04197985893342371,
      0.017101399107017107,
      0.011257786842569001,
      -0.03540241429073966,
      0.008531351171419399,
      -0.015744835747827614,
      0.03038774436055272,
      -8.254424427579787e-05,
      0.012228831587002307
    ],
    [
      -0.005816509776368932,
      0.07236166107795927,
      -0.0377385904970184,
      0.02231557697965631,
      0.0016839815982817117,
      -0.07369347624097539,
      -0.004927683285451423,
      0.036041958553143426,
      0.03299310139610317,
      -0.012875270661577197,
      -0.06686416272677594,
      -0.05285893205812791,
      0.031558121251922165,
      0.04984120925390726,
      0.019129268975681235,
      -0.006087159302287082,
      -0.019699100093764653,
      0.03049228668281634,
      -0.027858055642498682,
      -0.026994918895097884
    ],
    [
      0.03232417762943513,
      0.03771326948274164,
      0.08183186613722891,
      0.06800052343943552,
      -0.039325486075334294,
      -0.038464539034229105,
      -0.09406753618659655,
      -0.016838754858937148,
      0.0005571919869546624,
      -0.119520992504988,
      -0.04139087036926378,
      0.0010619456303495398,
      -0.038771046023678105,
      0.010832434436401195,
      -0.012992849595919353,
      -0.008354950067607388,
      -0.030545642394621285,
      -0.020483779768258187,
      -0.0498465032383971,
      0.02319372874393357
    ],
    [
      0.0650335710645948,
      0.059641353245149624,
      0.06467436291590448,
      -0.046476801520833104,
      0.01700449209529239,
      -0.026135382123914416,
      -0.03119907003769165,
      -0.02261575794170949,
      0.008312887391149538,
      0.03605133077104513,
      -0.04359464272061743,
      -0.04299909094395302,
      -0.021676224785205242,
      -0.018269833182071295,
      -0.048952451907503435,
      -0.02009211688808216,
      0.06612328937132807,
      0.016412171434580385,
      0.00010905726861276492,
      -0.014111125758035404
    ],
    [
      0.08303914846689835,
      0.039874551369370084,
      0.02286133692589368,
      0.030037565345915306,
      -0.002948452978491105,
      -0.03931392736736058,
      -0.008589202818951602,
      0.0033144698204616912,
      0.021692373072800482,
      -0.027531833720813255,
      -0.0003978287607612858,
      -0.005686067977008144,
      -0.0035155493292765476,
      0.011037368453386237,
      -0.009470240341980109,
      -0.008910562532680246,
      0.02166385802612789,
      0.0037523813135210086,
      0.05099792676432574,
      0.030123685883603524
    ],
    [
      -0.03727701120423143,
      -0.03600107463285537,
      -0.04832395550961161,
      0.05275867183009176,
      -0.0664890006727818,
      -0.0413992373673519,
      0.016267372321097935,
      -0.023494936010950672,
      0.07648097071103217,
      -0.04332225943692729,
      -0.016529806354510845,
      0.07088790807830087,
      -0.08019810292647131,
      0.03634155358141317,
      0.0437612984027366,
      0.0347484841660788,
      0.009859924015869317,
      0.00036992881450732124,
      0.05877702707449685,
      0.13107833458710677
    ],
    [
      -0.030695336384539057,
      -0.0473844070965737,
      -0.035992560877275294,
      0.033700574756703836,
      -0.11882951397510702,
      -0.08686413553113746,
      0.007198930578673477,
      -0.06327356725484204,
      0.02321372790818168,
      -0.12747578541386995,
      -0.012428633397177261,
      0.05386100330373265,
      -0.049121241768179606,
      -0.019767316894377003,
      -0.07161412827536143,
